testname,..,4\5
testname,testcase,status,time(ms)
..,park_2,True,5014.363765716553
..,park_1,True,8027.719736099243
..,park_4,False,10000.580787658691
..,park_3,True,8158.283710479736
..,park_0,True,4934.157609939575

