testname,..,15\15
testname,testcase,status,time(ms)
..,park_3,True,6024.914741516113
..,park_6,True,4096.175909042358
..,park_9,True,6725.940465927124
..,park_1,True,5609.539747238159
..,park_2,True,4033.2696437835693
..,park_5,True,6157.780885696411
..,park_0,True,5713.225841522217
..,park_13,True,6460.244178771973
..,park_12,True,7748.857021331787
..,park_10,True,7380.724668502808
..,park_14,True,8161.940336227417
..,park_7,True,4083.8139057159424
..,park_11,True,5394.654035568237
..,park_8,True,5070.318698883057
..,park_4,True,4405.075311660767

