testname,..,4/4
testname,testcase,status,time(ms)
..,park_2,True,1.6970133781433107e-07
..,park_0,True,1.666584014892578e-07
..,park_1,True,1.9164228439331055e-07
..,park_3,True,2.0036911964416503e-07

