testname,..,14\15
testname,testcase,status,time(ms)
..,park_10,True,6809.4377517700195
..,park_12,True,7814.547538757324
..,park_1,True,5096.6479778289795
..,park_5,True,3177.875518798828
..,park_6,True,4572.456836700439
..,park_8,True,5938.533306121826
..,park_14,False,10001.357078552246
..,park_3,True,6583.837032318115
..,park_7,True,5341.389894485474
..,park_9,True,7606.855154037476
..,park_11,True,8409.20877456665
..,park_13,True,7913.823127746582
..,park_2,True,5446.655511856079
..,park_4,True,4447.776079177856
..,park_0,True,2603.834629058838

