testname,..,0/56
testname,testcase,status,time(ms)
..,toolhouse_1,False,7.158710956573487e-07
..,toolhouse_12,False,7.991490364074707e-07
..,park_3,False,7.495274543762207e-07
..,house_6,False,5.989696979522705e-07
..,toolhouse_11,False,3.6146879196166994e-07
..,magic_2,False,4.551990032196045e-07
..,magic_0,False,3.327758312225342e-07
..,house_9,False,3.6714935302734374e-07
..,magic_3,False,4.6732354164123535e-07
..,basetest0,False,3.339991569519043e-07
..,house_1,False,3.581960201263428e-07
..,sell_3,False,4.609682559967041e-07
..,house_7,False,3.381681442260742e-07
..,sell_4,False,3.561697006225586e-07
..,robot_2,False,4.581334590911865e-07
..,gift_house_0,False,3.365340232849121e-07
..,house_4,False,3.553168773651123e-07
..,park_2,False,4.5702266693115235e-07
..,toolhouse_10,False,3.3472323417663575e-07
..,house_5,False,3.9331793785095213e-07
..,toolhouse_4,False,5.131909847259522e-07
..,mine_0,False,3.7762808799743653e-07
..,house_10,False,3.2992100715637205e-07
..,toolhouse_2,False,4.532203674316406e-07
..,gift_house_1,False,4.3888020515441895e-07
..,house_12,False,3.3388495445251464e-07
..,mine_2,False,3.5291099548339843e-07
..,toolhouse_15,False,4.5316076278686526e-07
..,park_1,False,3.315753936767578e-07
..,robot_0,False,3.6051344871520995e-07
..,sell_2,False,4.637866020202637e-07
..,magic_1,False,3.4083843231201174e-07
..,toolhouse_14,False,3.5993623733520507e-07
..,house_14,False,4.746267795562744e-07
..,barrier_0,False,4.464395046234131e-07
..,toolhouse_9,False,4.466547966003418e-07
..,house_2,False,4.6100592613220216e-07
..,house_11,False,4.3894124031066896e-07
..,house_13,False,3.353290557861328e-07
..,sell_1,False,3.6655259132385255e-07
..,the_god_of_wealth_0,False,4.6619820594787596e-07
..,toolhouse_8,False,3.31561803817749e-07
..,house_0,False,3.570072650909424e-07
..,park_0,False,4.661548137664795e-07
..,house_8,False,3.9550924301147463e-07
..,toolhouse_0,False,4.140605926513672e-07
..,house_tolls_14,False,4.876217842102051e-07
..,house_3,False,3.380270004272461e-07
..,toolhouse_3,False,3.571650981903076e-07
..,mine_1,False,4.745972156524658e-07
..,sell_0,False,3.3607959747314455e-07
..,toolhouse_13,False,3.3205127716064455e-07
..,toolhouse_7,False,4.610886573791504e-07
..,the_god_of_wealth_1,False,4.120113849639893e-07
..,toolhouse_5,False,4.48164701461792e-07
..,toolhouse_6,False,2.778961658477783e-07

