testname,..,56/56
testname,testcase,status,time(ms)
..,house_11,True,1.2728118896484375e-06
..,gift_house_1,True,1.3971295356750489e-06
..,house_8,True,2.4019193649291994e-07
..,house_13,True,2.487294673919678e-07
..,park_0,True,1.2234244346618653e-06
..,toolhouse_5,True,1.2189264297485352e-06
..,toolhouse_14,True,1.2095751762390136e-06
..,gift_house_0,True,3.3270688056945803e-06
..,park_3,True,2.2745418548583984e-06
..,mine_1,True,2.292682409286499e-06
..,basetest0,True,7.449769973754883e-08
..,toolhouse_7,True,1.7410063743591308e-07
..,the_god_of_wealth_0,True,2.3194599151611327e-06
..,house_6,True,1.2167906761169434e-07
..,house_tolls_14,True,1.1224658489227296e-06
..,toolhouse_9,True,1.733684539794922e-07
..,toolhouse_11,True,1.1995487213134767e-06
..,toolhouse_15,True,1.1931555271148683e-06
..,magic_0,True,1.0855283737182616e-06
..,house_4,True,1.1785650253295898e-07
..,magic_3,True,9.807848930358886e-08
..,robot_2,True,1.4255435466766357e-06
..,robot_0,True,3.6421585083007815e-07
..,house_0,True,1.1414647102355957e-07
..,toolhouse_10,True,1.215822696685791e-06
..,house_5,True,1.2387752532958985e-07
..,house_2,True,1.3074254989624024e-07
..,mine_2,True,2.375255346298218e-06
..,the_god_of_wealth_1,True,3.434044122695923e-06
..,park_2,True,1.203902006149292e-06
..,sell_3,True,2.5422883033752443e-07
..,toolhouse_12,True,1.209124803543091e-06
..,house_10,True,1.2530016899108886e-07
..,park_1,True,2.2521367073059083e-06
..,sell_0,True,2.6282715797424315e-07
..,toolhouse_2,True,1.8344473838806152e-07
..,toolhouse_0,True,1.9527077674865723e-07
..,house_12,True,1.3531494140625e-07
..,toolhouse_3,True,1.2268798351287842e-06
..,house_3,True,1.2291669845581054e-07
..,house_9,True,1.199796199798584e-07
..,magic_1,True,1.1268501281738282e-06
..,sell_4,True,2.510545253753662e-07
..,toolhouse_1,True,1.6767668724060058e-07
..,house_1,True,1.2871313095092772e-07
..,toolhouse_6,True,1.2129509449005127e-06
..,toolhouse_4,True,1.2239556312561035e-06
..,sell_1,True,2.7169680595397947e-07
..,house_14,True,1.1504683494567872e-06
..,mine_0,True,1.2727324962615966e-06
..,toolhouse_13,True,1.2212719917297362e-06
..,toolhouse_8,True,1.2187199592590332e-06
..,sell_2,True,2.6352715492248535e-07
..,house_7,True,1.2234163284301757e-07
..,barrier_0,True,3.113224506378174e-07
..,magic_2,True,2.199436664581299e-06

