testname,..,5\5
testname,testcase,status,time(ms)
..,sell_0,True,3011.5015506744385
..,sell_4,True,3150.9623527526855
..,sell_1,True,3323.3189582824707
..,sell_2,True,3262.232542037964
..,sell_3,True,1243.3850765228271

