testname,..,5/5
testname,testcase,status,time(ms)
..,sell_3,True,2.0807671546936035e-07
..,sell_2,True,2.018260955810547e-07
..,sell_0,True,1.9119787216186524e-07
..,sell_1,True,2.026524543762207e-07
..,sell_4,True,1.4487695693969727e-07

