testname,..,29\29
testname,testcase,status,time(ms)
..,toolhouse_27,True,2425.363302230835
..,toolhouse_22,True,2694.4851875305176
..,toolhouse_16,True,3505.866289138794
..,toolhouse_2,True,2321.9006061553955
..,toolhouse_26,True,4815.138578414917
..,toolhouse_28,True,4238.475322723389
..,toolhouse_3,True,2962.871313095093
..,toolhouse_20,True,3749.5322227478027
..,toolhouse_18,True,2160.7699394226074
..,toolhouse_11,True,3062.0880126953125
..,toolhouse_5,True,3178.4958839416504
..,toolhouse_10,True,3301.297187805176
..,toolhouse_17,True,2406.1925411224365
..,toolhouse_1,True,2064.6517276763916
..,toolhouse_24,True,4943.031311035156
..,toolhouse_19,True,4446.430444717407
..,toolhouse_0,True,2080.396890640259
..,toolhouse_13,True,2746.1609840393066
..,toolhouse_25,True,1070.885181427002
..,toolhouse_15,True,3150.665760040283
..,toolhouse_23,True,3041.414976119995
..,toolhouse_7,True,2688.7855529785156
..,toolhouse_21,True,4547.38450050354
..,toolhouse_6,True,3517.404079437256
..,toolhouse_8,True,3095.078706741333
..,toolhouse_12,True,3069.4668292999268
..,toolhouse_9,True,2237.2353076934814
..,toolhouse_4,True,2783.6756706237793
..,toolhouse_14,True,2763.988256454468

