testname,..,11/29
testname,testcase,status,time(ms)
..,toolhouse_7,True,3.0053954124450683e-06
..,toolhouse_12,True,4.650840282440186e-06
..,toolhouse_21,False,5.000782728195191e-06
..,toolhouse_14,True,4.7831494808197025e-06
..,toolhouse_4,True,4.349786043167114e-06
..,toolhouse_6,False,5.0015692710876464e-06
..,toolhouse_9,True,4.302707433700561e-06
..,toolhouse_13,False,5.000259399414063e-06
..,toolhouse_10,False,5.0006020069122315e-06
..,toolhouse_0,True,4.607049226760864e-06
..,toolhouse_22,True,4.618334531784057e-06
..,toolhouse_18,True,4.8129363059997555e-06
..,toolhouse_15,False,5.000461339950562e-06
..,toolhouse_8,False,5.001977205276489e-06
..,toolhouse_2,True,3.29459810256958e-06
..,toolhouse_24,False,5.000329494476319e-06
..,toolhouse_23,False,5.0011966228485105e-06
..,toolhouse_3,False,5.030982255935669e-06
..,toolhouse_28,False,5.001204252243042e-06
..,toolhouse_19,False,5.001542568206787e-06
..,toolhouse_26,False,5.0013790130615235e-06
..,toolhouse_5,False,5.1837842464447025e-06
..,toolhouse_17,False,5.001102209091187e-06
..,toolhouse_25,False,5.0004160404205326e-06
..,toolhouse_27,False,5.001908540725708e-06
..,toolhouse_20,False,5.061599731445312e-06
..,toolhouse_16,False,5.000568151473999e-06
..,toolhouse_11,True,4.550112724304199e-06
..,toolhouse_1,True,1.6776046752929687e-06

