testname,..,29/29
testname,testcase,status,time(ms)
..,toolhouse_20,True,2.5121424198150637e-06
..,toolhouse_22,True,4.738063812255859e-07
..,toolhouse_23,True,4.839775562286376e-07
..,toolhouse_1,True,4.6206212043762207e-07
..,toolhouse_13,True,1.301635980606079e-06
..,toolhouse_17,True,1.2625632286071778e-06
..,toolhouse_25,True,2.838332653045654e-07
..,toolhouse_26,True,2.3847529888153075e-06
..,toolhouse_14,True,1.312110662460327e-06
..,toolhouse_4,True,1.3343424797058104e-06
..,toolhouse_6,True,1.3218450546264649e-06
..,toolhouse_5,True,1.368898868560791e-06
..,toolhouse_24,True,2.4154059886932375e-06
..,toolhouse_7,True,2.7940821647644044e-07
..,toolhouse_15,True,1.2537109851837158e-06
..,toolhouse_28,True,2.353064775466919e-06
..,toolhouse_3,True,1.2787134647369384e-06
..,toolhouse_11,True,1.368375301361084e-06
..,toolhouse_18,True,1.4043657779693603e-06
..,toolhouse_0,True,3.707714080810547e-07
..,toolhouse_16,True,1.2888784408569337e-06
..,toolhouse_21,True,2.3059594631195067e-06
..,toolhouse_19,True,2.3017728328704833e-06
..,toolhouse_12,True,1.3113751411437989e-06
..,toolhouse_10,True,1.2996251583099366e-06
..,toolhouse_9,True,2.656598091125488e-07
..,toolhouse_8,True,1.3390607833862305e-06
..,toolhouse_27,True,2.78956413269043e-07
..,toolhouse_2,True,2.5101256370544435e-07

