testname,..,2/16
testname,testcase,status,time(ms)
..,toolhouse_1,False,5.002116680145264e-06
..,toolhouse_14,False,5.000901937484741e-06
..,toolhouse_5,False,5.002770185470581e-06
..,toolhouse_11,False,5.520818710327149e-06
..,toolhouse_13,False,5.0007441043853756e-06
..,toolhouse_3,False,5.326410055160522e-06
..,toolhouse_10,False,5.000963211059571e-06
..,toolhouse_6,False,5.001055955886841e-06
..,toolhouse_9,False,5.001764535903931e-06
..,toolhouse_8,False,5.0014705657958986e-06
..,toolhouse_12,False,5.001569032669067e-06
..,toolhouse_2,False,5.184160232543945e-06
..,toolhouse_15,False,5.001584529876709e-06
..,toolhouse_0,False,5.001214027404785e-06
..,toolhouse_4,True,3.4076607227325438e-06
..,toolhouse_7,True,3.238041639328003e-06

